Designator,Footprint,Quantity,Value,LCSC Part #
"C1, C10, C7, C8, C9",0402,5,100nF,C307331
C11,0402,1,4.7uF,C1538
"C12, C3, C4, C5, C6",0603,5,10uF,C57112
"D1, D2, D3, D4, D5",0603,5,LED,C2286
F1,Fuse_Bourns_MF-RG300,1,250V 80mA,DNP
"H1, H2",MountingHole_2.7mm_M2.5,2,MountingHole,
J1,PinSocket_1x04_P2.54mm_Vertical,1,Serial and power,DNP
J2,PinHeader_1x06_P2.54mm_Vertical_SMD_Pin1Left,1,Programming Pads,DNP
J3,PinHeader_1x04_P2.54mm_Horizontal,1,Comms and power,DNP
Q1,TO-252-2_L6.5-W6.1-P4.58-LS10.0-TL,1,L78M05ABDT-TR,C58069
Q2,SOT-23,1,MMBT5551L,C2145
"R1, R12, R2, R3, R4, R5",0402,6,1K,C11702
"R10, R11, R6, R7",0402,4,10K,C25744
"R8, R9",0402,2,33K,C25779
"SW1, SW2",SW_Push_1P1T_XKB_TS-1187A,2,SW_Push,C318884
U1,ESP32-WROOM-32UE,1,ESP32-WROOM-32U,DNP
U3,VSSOP-8_2.3x2mm_P0.5mm,1,TXS0102DCU,C53434
U4,SOT-223-3_TabPin2,1,AMS1117-3.3,C6186
